OrderID,OrderDate,CustomerID,CustomerName,EmployeeID,EmployeeName,ProductID,ProductName,CategoryName,SupplierName,UnitPrice,Quantity,Discount,ExtendedPrice
99,2023-03-23 00:05:45,TB272,易动力信息有限公司网络安全,3,玉兰 沈,7,苹果 智能门锁 Elite,智能门锁,苹果智能家庭,6248.48,9,0.2,44989.06
99,2023-03-23 00:05:45,TB272,易动力信息有限公司网络安全,3,玉兰 沈,10,松下 智能空调 Basic,智能空调,松下智能电器,6059.67,20,0.2,96954.72
99,2023-03-23 00:05:45,TB272,易动力信息有限公司网络安全,3,玉兰 沈,3,博世 智能音箱 Advanced,智能音箱,博世智能系统,7162.93,13,0.05,88462.19
21,2023-03-24 15:19:01,KS931,济南亿次元信息有限公司虚拟现实,3,玉兰 沈,3,博世 智能音箱 Advanced,智能音箱,博世智能系统,7213.77,1,0.0,7213.77
21,2023-03-24 15:19:01,KS931,济南亿次元信息有限公司虚拟现实,3,玉兰 沈,6,美的 智能音箱 Advanced,智能音箱,美的智能科技,863.27,15,0.15,11006.69
21,2023-03-24 15:19:01,KS931,济南亿次元信息有限公司虚拟现实,3,玉兰 沈,1,华为 智能空气净化器 Basic,智能空气净化器,华为智能生活,6659.16,1,0.0,6659.16
21,2023-03-24 15:19:01,KS931,济南亿次元信息有限公司虚拟现实,3,玉兰 沈,9,小米 智能手环 Mini,智能手环,小米智能家居,3425.04,1,0.05,3253.79
3,2023-03-26 07:58:18,TB272,易动力信息有限公司网络安全,1,英 赵,9,小米 智能手环 Mini,智能手环,小米智能家居,3466.32,2,0.05,6586.01
3,2023-03-26 07:58:18,TB272,易动力信息有限公司网络安全,1,英 赵,3,博世 智能音箱 Advanced,智能音箱,博世智能系统,6914.28,16,0.15,94034.21
33,2023-04-04 06:56:44,QF269,襄樊地球村传媒有限公司信息技术,2,林 刘,2,三星 智能门锁 Advanced,智能门锁,三星智能家电,6027.71,7,0.2,33755.18
23,2023-04-25 00:44:03,PK763,迪摩网络有限公司虚拟现实,1,英 赵,3,博世 智能音箱 Advanced,智能音箱,博世智能系统,6972.98,18,0.05,119237.96
23,2023-04-25 00:44:03,PK763,迪摩网络有限公司虚拟现实,1,英 赵,7,苹果 智能门锁 Elite,智能门锁,苹果智能家庭,6302.63,10,0.1,56723.67
23,2023-04-25 00:44:03,PK763,迪摩网络有限公司虚拟现实,1,英 赵,2,三星 智能门锁 Advanced,智能门锁,三星智能家电,6268.55,3,0.0,18805.65
23,2023-04-25 00:44:03,PK763,迪摩网络有限公司虚拟现实,1,英 赵,9,小米 智能手环 Mini,智能手环,小米智能家居,3479.44,10,0.0,34794.4
46,2023-05-04 16:30:15,OF968,七喜网络有限公司金融科技,2,林 刘,4,博世 智能洗衣机 Basic,智能洗衣机,博世智能系统,7924.47,5,0.0,39622.35
46,2023-05-04 16:30:15,OF968,七喜网络有限公司金融科技,2,林 刘,5,格力 智能马桶 Advanced,智能马桶,格力智能电器,4931.03,1,0.15,4191.38
46,2023-05-04 16:30:15,OF968,七喜网络有限公司金融科技,2,林 刘,1,华为 智能空气净化器 Basic,智能空气净化器,华为智能生活,6852.76,3,0.2,16446.62
46,2023-05-04 16:30:15,OF968,七喜网络有限公司金融科技,2,林 刘,6,美的 智能音箱 Advanced,智能音箱,美的智能科技,817.2,15,0.1,11032.2
34,2023-05-21 16:23:17,PC981,菊风公司传媒有限公司移动应用开发,3,玉兰 沈,1,华为 智能空气净化器 Basic,智能空气净化器,华为智能生活,7137.36,18,0.0,128472.48
8,2023-05-26 17:38:34,TB272,易动力信息有限公司网络安全,2,林 刘,10,松下 智能空调 Basic,智能空调,松下智能电器,5693.19,6,0.05,32451.18
61,2023-06-13 03:03:37,PK763,迪摩网络有限公司虚拟现实,1,英 赵,1,华为 智能空气净化器 Basic,智能空气净化器,华为智能生活,7061.74,13,0.15,78032.23
43,2023-06-25 22:27:10,ON539,精芯网络有限公司移动应用开发,2,林 刘,4,博世 智能洗衣机 Basic,智能洗衣机,博世智能系统,8120.46,18,0.15,124243.04
43,2023-06-25 22:27:10,ON539,精芯网络有限公司移动应用开发,2,林 刘,9,小米 智能手环 Mini,智能手环,小米智能家居,3401.35,14,0.15,40476.06
43,2023-06-25 22:27:10,ON539,精芯网络有限公司移动应用开发,2,林 刘,2,三星 智能门锁 Advanced,智能门锁,三星智能家电,6350.37,2,0.0,12700.74
63,2023-07-10 20:08:07,PK763,迪摩网络有限公司虚拟现实,2,林 刘,1,华为 智能空气净化器 Basic,智能空气净化器,华为智能生活,7269.21,7,0.1,45796.02
65,2023-07-13 05:01:41,TT217,巨奥传媒有限公司区块链技术,2,林 刘,3,博世 智能音箱 Advanced,智能音箱,博世智能系统,7059.33,17,0.2,96006.89
82,2023-07-14 21:21:24,TT217,巨奥传媒有限公司区块链技术,2,林 刘,4,博世 智能洗衣机 Basic,智能洗衣机,博世智能系统,7452.1,17,0.0,126685.7
82,2023-07-14 21:21:24,TT217,巨奥传媒有限公司区块链技术,2,林 刘,6,美的 智能音箱 Advanced,智能音箱,美的智能科技,892.03,9,0.2,6422.62
82,2023-07-14 21:21:24,TT217,巨奥传媒有限公司区块链技术,2,林 刘,2,三星 智能门锁 Advanced,智能门锁,三星智能家电,6368.67,20,0.15,108267.39
57,2023-07-16 00:42:07,IE491,太极科技有限公司生物科技,2,林 刘,2,三星 智能门锁 Advanced,智能门锁,三星智能家电,6155.42,4,0.2,19697.34
57,2023-07-16 00:42:07,IE491,太极科技有限公司生物科技,2,林 刘,4,博世 智能洗衣机 Basic,智能洗衣机,博世智能系统,7977.99,1,0.2,6382.39
35,2023-07-26 13:11:44,AD754,开发区世创信息有限公司数字科技,1,英 赵,4,博世 智能洗衣机 Basic,智能洗衣机,博世智能系统,7634.03,11,0.15,71378.18
35,2023-07-26 13:11:44,AD754,开发区世创信息有限公司数字科技,1,英 赵,5,格力 智能马桶 Advanced,智能马桶,格力智能电器,5287.3,18,0.2,76137.12
35,2023-07-26 13:11:44,AD754,开发区世创信息有限公司数字科技,1,英 赵,3,博世 智能音箱 Advanced,智能音箱,博世智能系统,6842.4,18,0.15,104688.72
35,2023-07-26 13:11:44,AD754,开发区世创信息有限公司数字科技,1,英 赵,10,松下 智能空调 Basic,智能空调,松下智能电器,5921.74,11,0.1,58625.23
52,2023-07-29 11:11:43,AQ661,双敏电子科技有限公司区块链技术,1,英 赵,5,格力 智能马桶 Advanced,智能马桶,格力智能电器,5281.96,10,0.05,50178.62
52,2023-07-29 11:11:43,AQ661,双敏电子科技有限公司区块链技术,1,英 赵,3,博世 智能音箱 Advanced,智能音箱,博世智能系统,7458.68,9,0.0,67128.12
85,2023-08-04 22:32:02,XT154,巨奥科技有限公司人工智能,3,玉兰 沈,9,小米 智能手环 Mini,智能手环,小米智能家居,3657.25,6,0.2,17554.8
94,2023-08-07 03:04:59,GB963,双敏电子传媒有限公司虚拟现实,1,英 赵,1,华为 智能空气净化器 Basic,智能空气净化器,华为智能生活,7224.0,1,0.15,6140.4
94,2023-08-07 03:04:59,GB963,双敏电子传媒有限公司虚拟现实,1,英 赵,6,美的 智能音箱 Advanced,智能音箱,美的智能科技,875.8,10,0.05,8320.1
94,2023-08-07 03:04:59,GB963,双敏电子传媒有限公司虚拟现实,1,英 赵,3,博世 智能音箱 Advanced,智能音箱,博世智能系统,7124.82,4,0.15,24224.39
94,2023-08-07 03:04:59,GB963,双敏电子传媒有限公司虚拟现实,1,英 赵,10,松下 智能空调 Basic,智能空调,松下智能电器,5874.23,8,0.0,46993.84
94,2023-08-07 03:04:59,GB963,双敏电子传媒有限公司虚拟现实,1,英 赵,5,格力 智能马桶 Advanced,智能马桶,格力智能电器,4870.32,5,0.15,20698.86
88,2023-08-14 06:40:01,PK763,迪摩网络有限公司虚拟现实,2,林 刘,6,美的 智能音箱 Advanced,智能音箱,美的智能科技,869.06,5,0.0,4345.3
59,2023-08-22 22:08:05,QF269,襄樊地球村传媒有限公司信息技术,3,玉兰 沈,6,美的 智能音箱 Advanced,智能音箱,美的智能科技,871.49,1,0.0,871.49
59,2023-08-22 22:08:05,QF269,襄樊地球村传媒有限公司信息技术,3,玉兰 沈,9,小米 智能手环 Mini,智能手环,小米智能家居,3680.15,4,0.15,12512.51
100,2023-08-23 17:22:21,OZ939,兰金电子网络有限公司生物科技,2,林 刘,4,博世 智能洗衣机 Basic,智能洗衣机,博世智能系统,7548.99,15,0.2,90587.88
100,2023-08-23 17:22:21,OZ939,兰金电子网络有限公司生物科技,2,林 刘,1,华为 智能空气净化器 Basic,智能空气净化器,华为智能生活,7159.93,1,0.2,5727.94
100,2023-08-23 17:22:21,OZ939,兰金电子网络有限公司生物科技,2,林 刘,6,美的 智能音箱 Advanced,智能音箱,美的智能科技,880.48,19,0.1,15056.21
100,2023-08-23 17:22:21,OZ939,兰金电子网络有限公司生物科技,2,林 刘,2,三星 智能门锁 Advanced,智能门锁,三星智能家电,6176.45,15,0.1,83382.07
32,2023-08-31 01:23:30,ON539,精芯网络有限公司移动应用开发,3,玉兰 沈,4,博世 智能洗衣机 Basic,智能洗衣机,博世智能系统,7531.76,15,0.05,107327.58
32,2023-08-31 01:23:30,ON539,精芯网络有限公司移动应用开发,3,玉兰 沈,7,苹果 智能门锁 Elite,智能门锁,苹果智能家庭,6858.1,16,0.05,104243.12
32,2023-08-31 01:23:30,ON539,精芯网络有限公司移动应用开发,3,玉兰 沈,5,格力 智能马桶 Advanced,智能马桶,格力智能电器,5075.47,2,0.1,9135.85
32,2023-08-31 01:23:30,ON539,精芯网络有限公司移动应用开发,3,玉兰 沈,1,华为 智能空气净化器 Basic,智能空气净化器,华为智能生活,7080.82,4,0.0,28323.28
32,2023-08-31 01:23:30,ON539,精芯网络有限公司移动应用开发,3,玉兰 沈,6,美的 智能音箱 Advanced,智能音箱,美的智能科技,821.45,6,0.05,4682.26
1,2023-09-15 19:34:51,CH664,彩虹网络有限公司大数据分析,3,玉兰 沈,6,美的 智能音箱 Advanced,智能音箱,美的智能科技,846.51,11,0.1,8380.45
96,2023-09-22 18:46:57,TT217,巨奥传媒有限公司区块链技术,1,英 赵,10,松下 智能空调 Basic,智能空调,松下智能电器,5890.6,4,0.0,23562.4
96,2023-09-22 18:46:57,TT217,巨奥传媒有限公司区块链技术,1,英 赵,2,三星 智能门锁 Advanced,智能门锁,三星智能家电,6336.6,13,0.05,78257.01
22,2023-09-28 21:18:34,AQ661,双敏电子科技有限公司区块链技术,2,林 刘,2,三星 智能门锁 Advanced,智能门锁,三星智能家电,6194.07,5,0.05,29421.83
10,2023-10-12 11:46:26,IS953,兰金电子传媒有限公司金融科技,3,玉兰 沈,4,博世 智能洗衣机 Basic,智能洗衣机,博世智能系统,7985.31,19,0.05,144134.85
10,2023-10-12 11:46:26,IS953,兰金电子传媒有限公司金融科技,3,玉兰 沈,6,美的 智能音箱 Advanced,智能音箱,美的智能科技,824.66,12,0.2,7916.74
73,2023-10-16 15:08:42,YX989,华远软件信息有限公司物联网,3,玉兰 沈,1,华为 智能空气净化器 Basic,智能空气净化器,华为智能生活,7195.39,7,0.15,42812.57
73,2023-10-16 15:08:42,YX989,华远软件信息有限公司物联网,3,玉兰 沈,7,苹果 智能门锁 Elite,智能门锁,苹果智能家庭,6677.58,14,0.05,88811.81
73,2023-10-16 15:08:42,YX989,华远软件信息有限公司物联网,3,玉兰 沈,2,三星 智能门锁 Advanced,智能门锁,三星智能家电,5993.83,3,0.15,15284.27
73,2023-10-16 15:08:42,YX989,华远软件信息有限公司物联网,3,玉兰 沈,4,博世 智能洗衣机 Basic,智能洗衣机,博世智能系统,7526.6,10,0.2,60212.8
62,2023-10-27 14:13:17,TB272,易动力信息有限公司网络安全,2,林 刘,1,华为 智能空气净化器 Basic,智能空气净化器,华为智能生活,7131.0,14,0.05,94842.3
62,2023-10-27 14:13:17,TB272,易动力信息有限公司网络安全,2,林 刘,4,博世 智能洗衣机 Basic,智能洗衣机,博世智能系统,7601.93,17,0.1,116309.53
62,2023-10-27 14:13:17,TB272,易动力信息有限公司网络安全,2,林 刘,5,格力 智能马桶 Advanced,智能马桶,格力智能电器,5071.13,12,0.05,57810.88
66,2023-10-29 19:53:51,PC981,菊风公司传媒有限公司移动应用开发,3,玉兰 沈,6,美的 智能音箱 Advanced,智能音箱,美的智能科技,871.37,5,0.05,4139.01
66,2023-10-29 19:53:51,PC981,菊风公司传媒有限公司移动应用开发,3,玉兰 沈,1,华为 智能空气净化器 Basic,智能空气净化器,华为智能生活,7115.28,10,0.2,56922.24
66,2023-10-29 19:53:51,PC981,菊风公司传媒有限公司移动应用开发,3,玉兰 沈,10,松下 智能空调 Basic,智能空调,松下智能电器,5684.49,13,0.2,59118.7
66,2023-10-29 19:53:51,PC981,菊风公司传媒有限公司移动应用开发,3,玉兰 沈,4,博世 智能洗衣机 Basic,智能洗衣机,博世智能系统,7950.5,5,0.15,33789.62
83,2023-10-31 18:28:40,CH664,彩虹网络有限公司大数据分析,3,玉兰 沈,5,格力 智能马桶 Advanced,智能马桶,格力智能电器,5161.82,8,0.05,39229.83
83,2023-10-31 18:28:40,CH664,彩虹网络有限公司大数据分析,3,玉兰 沈,6,美的 智能音箱 Advanced,智能音箱,美的智能科技,865.81,18,0.05,14805.35
83,2023-10-31 18:28:40,CH664,彩虹网络有限公司大数据分析,3,玉兰 沈,1,华为 智能空气净化器 Basic,智能空气净化器,华为智能生活,6646.63,2,0.15,11299.27
83,2023-10-31 18:28:40,CH664,彩虹网络有限公司大数据分析,3,玉兰 沈,10,松下 智能空调 Basic,智能空调,松下智能电器,6128.76,9,0.0,55158.84
67,2023-11-08 08:57:30,TB272,易动力信息有限公司网络安全,3,玉兰 沈,3,博世 智能音箱 Advanced,智能音箱,博世智能系统,6906.51,14,0.15,82187.47
67,2023-11-08 08:57:30,TB272,易动力信息有限公司网络安全,3,玉兰 沈,10,松下 智能空调 Basic,智能空调,松下智能电器,5887.46,5,0.15,25021.7
67,2023-11-08 08:57:30,TB272,易动力信息有限公司网络安全,3,玉兰 沈,4,博世 智能洗衣机 Basic,智能洗衣机,博世智能系统,7739.15,14,0.0,108348.1
67,2023-11-08 08:57:30,TB272,易动力信息有限公司网络安全,3,玉兰 沈,1,华为 智能空气净化器 Basic,智能空气净化器,华为智能生活,6921.37,5,0.05,32876.51
67,2023-11-08 08:57:30,TB272,易动力信息有限公司网络安全,3,玉兰 沈,5,格力 智能马桶 Advanced,智能马桶,格力智能电器,5109.73,5,0.05,24271.22
2,2023-11-11 11:51:12,OF968,七喜网络有限公司金融科技,2,林 刘,9,小米 智能手环 Mini,智能手环,小米智能家居,3582.32,20,0.2,57317.12
90,2023-11-14 19:43:17,OF968,七喜网络有限公司金融科技,3,玉兰 沈,7,苹果 智能门锁 Elite,智能门锁,苹果智能家庭,6479.01,18,0.0,116622.18
90,2023-11-14 19:43:17,OF968,七喜网络有限公司金融科技,3,玉兰 沈,1,华为 智能空气净化器 Basic,智能空气净化器,华为智能生活,6758.01,7,0.0,47306.07
90,2023-11-14 19:43:17,OF968,七喜网络有限公司金融科技,3,玉兰 沈,9,小米 智能手环 Mini,智能手环,小米智能家居,3543.27,10,0.05,33661.06
90,2023-11-14 19:43:17,OF968,七喜网络有限公司金融科技,3,玉兰 沈,5,格力 智能马桶 Advanced,智能马桶,格力智能电器,4889.69,2,0.15,8312.47
20,2023-11-17 18:51:49,GB963,双敏电子传媒有限公司虚拟现实,1,英 赵,9,小米 智能手环 Mini,智能手环,小米智能家居,3432.91,18,0.05,58702.76
20,2023-11-17 18:51:49,GB963,双敏电子传媒有限公司虚拟现实,1,英 赵,2,三星 智能门锁 Advanced,智能门锁,三星智能家电,6014.7,4,0.2,19247.04
20,2023-11-17 18:51:49,GB963,双敏电子传媒有限公司虚拟现实,1,英 赵,10,松下 智能空调 Basic,智能空调,松下智能电器,6216.91,9,0.1,50356.97
20,2023-11-17 18:51:49,GB963,双敏电子传媒有限公司虚拟现实,1,英 赵,5,格力 智能马桶 Advanced,智能马桶,格力智能电器,4800.1,11,0.2,42240.88
36,2023-11-22 17:11:51,CH664,彩虹网络有限公司大数据分析,2,林 刘,9,小米 智能手环 Mini,智能手环,小米智能家居,3512.93,3,0.15,8957.97
36,2023-11-22 17:11:51,CH664,彩虹网络有限公司大数据分析,2,林 刘,5,格力 智能马桶 Advanced,智能马桶,格力智能电器,5048.72,9,0.0,45438.48
16,2023-11-26 12:30:27,KS931,济南亿次元信息有限公司虚拟现实,3,玉兰 沈,2,三星 智能门锁 Advanced,智能门锁,三星智能家电,6226.35,8,0.0,49810.8
16,2023-11-26 12:30:27,KS931,济南亿次元信息有限公司虚拟现实,3,玉兰 沈,7,苹果 智能门锁 Elite,智能门锁,苹果智能家庭,6571.0,18,0.05,112364.1
16,2023-11-26 12:30:27,KS931,济南亿次元信息有限公司虚拟现实,3,玉兰 沈,3,博世 智能音箱 Advanced,智能音箱,博世智能系统,7402.45,5,0.0,37012.25
16,2023-11-26 12:30:27,KS931,济南亿次元信息有限公司虚拟现实,3,玉兰 沈,10,松下 智能空调 Basic,智能空调,松下智能电器,6209.38,4,0.05,23595.64
16,2023-11-26 12:30:27,KS931,济南亿次元信息有限公司虚拟现实,3,玉兰 沈,5,格力 智能马桶 Advanced,智能马桶,格力智能电器,4899.05,9,0.2,35273.16
26,2023-12-30 04:16:39,PK763,迪摩网络有限公司虚拟现实,2,林 刘,5,格力 智能马桶 Advanced,智能马桶,格力智能电器,5101.07,4,0.05,19384.07
26,2023-12-30 04:16:39,PK763,迪摩网络有限公司虚拟现实,2,林 刘,1,华为 智能空气净化器 Basic,智能空气净化器,华为智能生活,6742.73,1,0.1,6068.46
26,2023-12-30 04:16:39,PK763,迪摩网络有限公司虚拟现实,2,林 刘,7,苹果 智能门锁 Elite,智能门锁,苹果智能家庭,6811.54,6,0.1,36782.32
26,2023-12-30 04:16:39,PK763,迪摩网络有限公司虚拟现实,2,林 刘,4,博世 智能洗衣机 Basic,智能洗衣机,博世智能系统,7733.15,16,0.05,117543.88
26,2023-12-30 04:16:39,PK763,迪摩网络有限公司虚拟现实,2,林 刘,10,松下 智能空调 Basic,智能空调,松下智能电器,5888.76,1,0.0,5888.76
69,2024-01-06 17:17:15,PC981,菊风公司传媒有限公司移动应用开发,1,英 赵,2,三星 智能门锁 Advanced,智能门锁,三星智能家电,6448.5,9,0.15,49331.02
69,2024-01-06 17:17:15,PC981,菊风公司传媒有限公司移动应用开发,1,英 赵,9,小米 智能手环 Mini,智能手环,小米智能家居,3600.57,12,0.2,34565.47
69,2024-01-06 17:17:15,PC981,菊风公司传媒有限公司移动应用开发,1,英 赵,4,博世 智能洗衣机 Basic,智能洗衣机,博世智能系统,7994.65,13,0.05,98733.93
69,2024-01-06 17:17:15,PC981,菊风公司传媒有限公司移动应用开发,1,英 赵,10,松下 智能空调 Basic,智能空调,松下智能电器,5988.7,7,0.0,41920.9
69,2024-01-06 17:17:15,PC981,菊风公司传媒有限公司移动应用开发,1,英 赵,7,苹果 智能门锁 Elite,智能门锁,苹果智能家庭,6244.05,18,0.15,95533.96
80,2024-01-09 09:27:48,HR018,联通时科信息有限公司云计算,1,英 赵,1,华为 智能空气净化器 Basic,智能空气净化器,华为智能生活,6813.16,9,0.05,58252.52
80,2024-01-09 09:27:48,HR018,联通时科信息有限公司云计算,1,英 赵,10,松下 智能空调 Basic,智能空调,松下智能电器,6239.13,16,0.2,79860.86
37,2024-01-19 00:50:01,QF269,襄樊地球村传媒有限公司信息技术,2,林 刘,1,华为 智能空气净化器 Basic,智能空气净化器,华为智能生活,7048.05,19,0.2,107130.36
37,2024-01-19 00:50:01,QF269,襄樊地球村传媒有限公司信息技术,2,林 刘,2,三星 智能门锁 Advanced,智能门锁,三星智能家电,5908.72,14,0.1,74449.87
77,2024-01-23 18:19:44,TB272,易动力信息有限公司网络安全,1,英 赵,6,美的 智能音箱 Advanced,智能音箱,美的智能科技,840.58,7,0.15,5001.45
28,2024-01-27 06:59:28,PK763,迪摩网络有限公司虚拟现实,1,英 赵,4,博世 智能洗衣机 Basic,智能洗衣机,博世智能系统,7641.93,20,0.15,129912.81
28,2024-01-27 06:59:28,PK763,迪摩网络有限公司虚拟现实,1,英 赵,10,松下 智能空调 Basic,智能空调,松下智能电器,6054.94,12,0.2,58127.42
28,2024-01-27 06:59:28,PK763,迪摩网络有限公司虚拟现实,1,英 赵,7,苹果 智能门锁 Elite,智能门锁,苹果智能家庭,6451.08,14,0.0,90315.12
28,2024-01-27 06:59:28,PK763,迪摩网络有限公司虚拟现实,1,英 赵,2,三星 智能门锁 Advanced,智能门锁,三星智能家电,6342.09,4,0.1,22831.52
28,2024-01-27 06:59:28,PK763,迪摩网络有限公司虚拟现实,1,英 赵,9,小米 智能手环 Mini,智能手环,小米智能家居,3562.48,7,0.15,21196.76
74,2024-02-03 04:21:21,YX989,华远软件信息有限公司物联网,1,英 赵,2,三星 智能门锁 Advanced,智能门锁,三星智能家电,6216.47,12,0.05,70867.76
74,2024-02-03 04:21:21,YX989,华远软件信息有限公司物联网,1,英 赵,3,博世 智能音箱 Advanced,智能音箱,博世智能系统,6795.64,17,0.05,109749.59
74,2024-02-03 04:21:21,YX989,华远软件信息有限公司物联网,1,英 赵,7,苹果 智能门锁 Elite,智能门锁,苹果智能家庭,6616.64,12,0.1,71459.71
51,2024-02-17 22:34:55,PC981,菊风公司传媒有限公司移动应用开发,3,玉兰 沈,6,美的 智能音箱 Advanced,智能音箱,美的智能科技,885.03,18,0.0,15930.54
51,2024-02-17 22:34:55,PC981,菊风公司传媒有限公司移动应用开发,3,玉兰 沈,2,三星 智能门锁 Advanced,智能门锁,三星智能家电,6367.42,6,0.2,30563.62
51,2024-02-17 22:34:55,PC981,菊风公司传媒有限公司移动应用开发,3,玉兰 沈,9,小米 智能手环 Mini,智能手环,小米智能家居,3694.92,16,0.1,53206.85
51,2024-02-17 22:34:55,PC981,菊风公司传媒有限公司移动应用开发,3,玉兰 沈,4,博世 智能洗衣机 Basic,智能洗衣机,博世智能系统,7821.87,4,0.1,28158.73
51,2024-02-17 22:34:55,PC981,菊风公司传媒有限公司移动应用开发,3,玉兰 沈,10,松下 智能空调 Basic,智能空调,松下智能电器,5783.09,10,0.0,57830.9
45,2024-02-20 03:23:51,LB133,国讯信息有限公司人工智能,2,林 刘,4,博世 智能洗衣机 Basic,智能洗衣机,博世智能系统,8058.54,4,0.2,25787.33
45,2024-02-20 03:23:51,LB133,国讯信息有限公司人工智能,2,林 刘,9,小米 智能手环 Mini,智能手环,小米智能家居,3637.75,2,0.0,7275.5
45,2024-02-20 03:23:51,LB133,国讯信息有限公司人工智能,2,林 刘,6,美的 智能音箱 Advanced,智能音箱,美的智能科技,868.47,5,0.0,4342.35
45,2024-02-20 03:23:51,LB133,国讯信息有限公司人工智能,2,林 刘,10,松下 智能空调 Basic,智能空调,松下智能电器,5941.01,15,0.1,80203.63
45,2024-02-20 03:23:51,LB133,国讯信息有限公司人工智能,2,林 刘,7,苹果 智能门锁 Elite,智能门锁,苹果智能家庭,6775.72,11,0.05,70806.27
64,2024-02-21 01:39:07,AQ661,双敏电子科技有限公司区块链技术,1,英 赵,6,美的 智能音箱 Advanced,智能音箱,美的智能科技,874.75,19,0.05,15789.24
64,2024-02-21 01:39:07,AQ661,双敏电子科技有限公司区块链技术,1,英 赵,7,苹果 智能门锁 Elite,智能门锁,苹果智能家庭,6345.18,3,0.05,18083.76
64,2024-02-21 01:39:07,AQ661,双敏电子科技有限公司区块链技术,1,英 赵,4,博世 智能洗衣机 Basic,智能洗衣机,博世智能系统,7945.33,6,0.1,42904.78
15,2024-02-23 00:49:31,HR018,联通时科信息有限公司云计算,1,英 赵,6,美的 智能音箱 Advanced,智能音箱,美的智能科技,833.84,12,0.2,8004.86
15,2024-02-23 00:49:31,HR018,联通时科信息有限公司云计算,1,英 赵,4,博世 智能洗衣机 Basic,智能洗衣机,博世智能系统,7423.75,5,0.05,35262.81
15,2024-02-23 00:49:31,HR018,联通时科信息有限公司云计算,1,英 赵,5,格力 智能马桶 Advanced,智能马桶,格力智能电器,5068.02,15,0.0,76020.3
5,2024-03-12 15:26:10,XT154,巨奥科技有限公司人工智能,1,英 赵,10,松下 智能空调 Basic,智能空调,松下智能电器,5959.87,5,0.2,23839.48
5,2024-03-12 15:26:10,XT154,巨奥科技有限公司人工智能,1,英 赵,6,美的 智能音箱 Advanced,智能音箱,美的智能科技,863.48,3,0.05,2460.92
5,2024-03-12 15:26:10,XT154,巨奥科技有限公司人工智能,1,英 赵,4,博世 智能洗衣机 Basic,智能洗衣机,博世智能系统,7427.63,18,0.15,113642.74
5,2024-03-12 15:26:10,XT154,巨奥科技有限公司人工智能,1,英 赵,7,苹果 智能门锁 Elite,智能门锁,苹果智能家庭,6523.98,1,0.0,6523.98
5,2024-03-12 15:26:10,XT154,巨奥科技有限公司人工智能,1,英 赵,5,格力 智能马桶 Advanced,智能马桶,格力智能电器,5261.89,19,0.2,79980.73
89,2024-03-12 19:03:27,IE491,太极科技有限公司生物科技,2,林 刘,7,苹果 智能门锁 Elite,智能门锁,苹果智能家庭,6375.74,4,0.2,20402.37
89,2024-03-12 19:03:27,IE491,太极科技有限公司生物科技,2,林 刘,3,博世 智能音箱 Advanced,智能音箱,博世智能系统,7475.39,8,0.1,53822.81
89,2024-03-12 19:03:27,IE491,太极科技有限公司生物科技,2,林 刘,4,博世 智能洗衣机 Basic,智能洗衣机,博世智能系统,7763.14,5,0.15,32993.34
84,2024-03-22 06:48:20,TB272,易动力信息有限公司网络安全,2,林 刘,1,华为 智能空气净化器 Basic,智能空气净化器,华为智能生活,6806.11,20,0.1,122509.98
84,2024-03-22 06:48:20,TB272,易动力信息有限公司网络安全,2,林 刘,6,美的 智能音箱 Advanced,智能音箱,美的智能科技,809.6,5,0.05,3845.6
84,2024-03-22 06:48:20,TB272,易动力信息有限公司网络安全,2,林 刘,10,松下 智能空调 Basic,智能空调,松下智能电器,5817.35,11,0.2,51192.68
50,2024-03-26 02:42:11,IS953,兰金电子传媒有限公司金融科技,3,玉兰 沈,2,三星 智能门锁 Advanced,智能门锁,三星智能家电,6395.14,2,0.05,12150.77
50,2024-03-26 02:42:11,IS953,兰金电子传媒有限公司金融科技,3,玉兰 沈,3,博世 智能音箱 Advanced,智能音箱,博世智能系统,7208.1,3,0.15,18380.65
50,2024-03-26 02:42:11,IS953,兰金电子传媒有限公司金融科技,3,玉兰 沈,7,苹果 智能门锁 Elite,智能门锁,苹果智能家庭,6470.59,13,0.1,75705.9
14,2024-03-30 03:19:15,QF269,襄樊地球村传媒有限公司信息技术,1,英 赵,1,华为 智能空气净化器 Basic,智能空气净化器,华为智能生活,6791.66,2,0.15,11545.82
14,2024-03-30 03:19:15,QF269,襄樊地球村传媒有限公司信息技术,1,英 赵,9,小米 智能手环 Mini,智能手环,小米智能家居,3413.4,11,0.05,35670.03
14,2024-03-30 03:19:15,QF269,襄樊地球村传媒有限公司信息技术,1,英 赵,4,博世 智能洗衣机 Basic,智能洗衣机,博世智能系统,7941.63,15,0.1,107212.0
14,2024-03-30 03:19:15,QF269,襄樊地球村传媒有限公司信息技术,1,英 赵,5,格力 智能马桶 Advanced,智能马桶,格力智能电器,5251.83,15,0.0,78777.45
27,2024-04-05 18:54:15,LB133,国讯信息有限公司人工智能,3,玉兰 沈,6,美的 智能音箱 Advanced,智能音箱,美的智能科技,851.91,13,0.05,10521.09
27,2024-04-05 18:54:15,LB133,国讯信息有限公司人工智能,3,玉兰 沈,7,苹果 智能门锁 Elite,智能门锁,苹果智能家庭,6549.35,13,0.0,85141.55
12,2024-04-06 08:51:49,TT217,巨奥传媒有限公司区块链技术,3,玉兰 沈,6,美的 智能音箱 Advanced,智能音箱,美的智能科技,873.02,17,0.05,14099.27
91,2024-04-07 04:47:37,OF968,七喜网络有限公司金融科技,2,林 刘,6,美的 智能音箱 Advanced,智能音箱,美的智能科技,847.32,20,0.15,14404.44
91,2024-04-07 04:47:37,OF968,七喜网络有限公司金融科技,2,林 刘,1,华为 智能空气净化器 Basic,智能空气净化器,华为智能生活,7170.72,14,0.05,95370.58
91,2024-04-07 04:47:37,OF968,七喜网络有限公司金融科技,2,林 刘,10,松下 智能空调 Basic,智能空调,松下智能电器,5845.78,6,0.05,33320.95
91,2024-04-07 04:47:37,OF968,七喜网络有限公司金融科技,2,林 刘,3,博世 智能音箱 Advanced,智能音箱,博世智能系统,6795.27,9,0.2,48925.94
95,2024-04-10 01:02:52,TB272,易动力信息有限公司网络安全,3,玉兰 沈,4,博世 智能洗衣机 Basic,智能洗衣机,博世智能系统,7735.65,9,0.0,69620.85
95,2024-04-10 01:02:52,TB272,易动力信息有限公司网络安全,3,玉兰 沈,1,华为 智能空气净化器 Basic,智能空气净化器,华为智能生活,7074.08,9,0.0,63666.72
47,2024-04-10 06:37:00,TT217,巨奥传媒有限公司区块链技术,2,林 刘,2,三星 智能门锁 Advanced,智能门锁,三星智能家电,6217.74,14,0.05,82695.94
47,2024-04-10 06:37:00,TT217,巨奥传媒有限公司区块链技术,2,林 刘,7,苹果 智能门锁 Elite,智能门锁,苹果智能家庭,6231.66,10,0.0,62316.6
47,2024-04-10 06:37:00,TT217,巨奥传媒有限公司区块链技术,2,林 刘,4,博世 智能洗衣机 Basic,智能洗衣机,博世智能系统,7509.8,4,0.15,25533.32
47,2024-04-10 06:37:00,TT217,巨奥传媒有限公司区块链技术,2,林 刘,10,松下 智能空调 Basic,智能空调,松下智能电器,5708.23,15,0.0,85623.45
47,2024-04-10 06:37:00,TT217,巨奥传媒有限公司区块链技术,2,林 刘,5,格力 智能马桶 Advanced,智能马桶,格力智能电器,5004.75,5,0.0,25023.75
56,2024-05-19 01:05:50,AD754,开发区世创信息有限公司数字科技,2,林 刘,4,博世 智能洗衣机 Basic,智能洗衣机,博世智能系统,8107.62,7,0.05,53915.67
56,2024-05-19 01:05:50,AD754,开发区世创信息有限公司数字科技,2,林 刘,7,苹果 智能门锁 Elite,智能门锁,苹果智能家庭,6446.88,10,0.2,51575.04
48,2024-05-19 17:08:54,QF269,襄樊地球村传媒有限公司信息技术,2,林 刘,4,博世 智能洗衣机 Basic,智能洗衣机,博世智能系统,7733.86,1,0.2,6187.09
48,2024-05-19 17:08:54,QF269,襄樊地球村传媒有限公司信息技术,2,林 刘,9,小米 智能手环 Mini,智能手环,小米智能家居,3694.22,12,0.2,35464.51
48,2024-05-19 17:08:54,QF269,襄樊地球村传媒有限公司信息技术,2,林 刘,6,美的 智能音箱 Advanced,智能音箱,美的智能科技,865.07,6,0.15,4411.86
48,2024-05-19 17:08:54,QF269,襄樊地球村传媒有限公司信息技术,2,林 刘,10,松下 智能空调 Basic,智能空调,松下智能电器,5849.5,7,0.2,32757.2
48,2024-05-19 17:08:54,QF269,襄樊地球村传媒有限公司信息技术,2,林 刘,7,苹果 智能门锁 Elite,智能门锁,苹果智能家庭,6749.09,15,0.2,80989.08
98,2024-05-21 18:16:35,TB272,易动力信息有限公司网络安全,3,玉兰 沈,6,美的 智能音箱 Advanced,智能音箱,美的智能科技,890.99,17,0.15,12874.81
98,2024-05-21 18:16:35,TB272,易动力信息有限公司网络安全,3,玉兰 沈,2,三星 智能门锁 Advanced,智能门锁,三星智能家电,6031.99,16,0.05,91686.25
98,2024-05-21 18:16:35,TB272,易动力信息有限公司网络安全,3,玉兰 沈,10,松下 智能空调 Basic,智能空调,松下智能电器,6090.49,2,0.2,9744.78
98,2024-05-21 18:16:35,TB272,易动力信息有限公司网络安全,3,玉兰 沈,4,博世 智能洗衣机 Basic,智能洗衣机,博世智能系统,8113.16,6,0.1,43811.06
68,2024-05-25 13:26:00,TB272,易动力信息有限公司网络安全,1,英 赵,9,小米 智能手环 Mini,智能手环,小米智能家居,3500.28,14,0.2,39203.14
93,2024-05-28 19:31:23,AQ661,双敏电子科技有限公司区块链技术,1,英 赵,2,三星 智能门锁 Advanced,智能门锁,三星智能家电,5924.36,20,0.05,112562.84
93,2024-05-28 19:31:23,AQ661,双敏电子科技有限公司区块链技术,1,英 赵,6,美的 智能音箱 Advanced,智能音箱,美的智能科技,879.35,20,0.05,16707.65
93,2024-05-28 19:31:23,AQ661,双敏电子科技有限公司区块链技术,1,英 赵,9,小米 智能手环 Mini,智能手环,小米智能家居,3494.77,6,0.15,17823.33
6,2024-06-08 09:41:36,TB272,易动力信息有限公司网络安全,3,玉兰 沈,9,小米 智能手环 Mini,智能手环,小米智能家居,3445.7,12,0.1,37213.56
6,2024-06-08 09:41:36,TB272,易动力信息有限公司网络安全,3,玉兰 沈,3,博世 智能音箱 Advanced,智能音箱,博世智能系统,6975.37,5,0.1,31389.16
6,2024-06-08 09:41:36,TB272,易动力信息有限公司网络安全,3,玉兰 沈,10,松下 智能空调 Basic,智能空调,松下智能电器,5981.19,16,0.05,90914.09
6,2024-06-08 09:41:36,TB272,易动力信息有限公司网络安全,3,玉兰 沈,5,格力 智能马桶 Advanced,智能马桶,格力智能电器,5013.41,20,0.15,85227.97
41,2024-06-12 02:42:45,IS953,兰金电子传媒有限公司金融科技,1,英 赵,3,博世 智能音箱 Advanced,智能音箱,博世智能系统,6989.84,10,0.05,66403.48
41,2024-06-12 02:42:45,IS953,兰金电子传媒有限公司金融科技,1,英 赵,7,苹果 智能门锁 Elite,智能门锁,苹果智能家庭,6607.53,18,0.15,101095.21
41,2024-06-12 02:42:45,IS953,兰金电子传媒有限公司金融科技,1,英 赵,4,博世 智能洗衣机 Basic,智能洗衣机,博世智能系统,7646.87,15,0.05,108967.9
41,2024-06-12 02:42:45,IS953,兰金电子传媒有限公司金融科技,1,英 赵,10,松下 智能空调 Basic,智能空调,松下智能电器,5910.32,8,0.05,44918.43
41,2024-06-12 02:42:45,IS953,兰金电子传媒有限公司金融科技,1,英 赵,6,美的 智能音箱 Advanced,智能音箱,美的智能科技,817.97,6,0.15,4171.65
4,2024-06-15 01:44:58,OZ939,兰金电子网络有限公司生物科技,2,林 刘,3,博世 智能音箱 Advanced,智能音箱,博世智能系统,6858.35,12,0.0,82300.2
17,2024-06-16 22:58:06,QF269,襄樊地球村传媒有限公司信息技术,2,林 刘,4,博世 智能洗衣机 Basic,智能洗衣机,博世智能系统,7765.8,3,0.15,19802.79
17,2024-06-16 22:58:06,QF269,襄樊地球村传媒有限公司信息技术,2,林 刘,7,苹果 智能门锁 Elite,智能门锁,苹果智能家庭,6246.68,15,0.2,74960.16
17,2024-06-16 22:58:06,QF269,襄樊地球村传媒有限公司信息技术,2,林 刘,9,小米 智能手环 Mini,智能手环,小米智能家居,3662.69,16,0.2,46882.43
18,2024-07-06 15:24:52,PC981,菊风公司传媒有限公司移动应用开发,3,玉兰 沈,10,松下 智能空调 Basic,智能空调,松下智能电器,5797.78,8,0.0,46382.24
18,2024-07-06 15:24:52,PC981,菊风公司传媒有限公司移动应用开发,3,玉兰 沈,4,博世 智能洗衣机 Basic,智能洗衣机,博世智能系统,7861.92,10,0.15,66826.32
18,2024-07-06 15:24:52,PC981,菊风公司传媒有限公司移动应用开发,3,玉兰 沈,5,格力 智能马桶 Advanced,智能马桶,格力智能电器,5238.07,5,0.15,22261.8
18,2024-07-06 15:24:52,PC981,菊风公司传媒有限公司移动应用开发,3,玉兰 沈,1,华为 智能空气净化器 Basic,智能空气净化器,华为智能生活,7235.96,20,0.2,115775.36
44,2024-07-07 19:05:56,LB133,国讯信息有限公司人工智能,3,玉兰 沈,4,博世 智能洗衣机 Basic,智能洗衣机,博世智能系统,7627.48,16,0.2,97631.74
97,2024-07-08 10:01:51,XT154,巨奥科技有限公司人工智能,2,林 刘,7,苹果 智能门锁 Elite,智能门锁,苹果智能家庭,6265.12,8,0.05,47614.91
97,2024-07-08 10:01:51,XT154,巨奥科技有限公司人工智能,2,林 刘,1,华为 智能空气净化器 Basic,智能空气净化器,华为智能生活,6995.91,7,0.2,39177.1
38,2024-07-09 07:37:49,IE491,太极科技有限公司生物科技,3,玉兰 沈,3,博世 智能音箱 Advanced,智能音箱,博世智能系统,7061.48,11,0.05,73792.47
55,2024-07-22 15:41:00,OZ939,兰金电子网络有限公司生物科技,2,林 刘,1,华为 智能空气净化器 Basic,智能空气净化器,华为智能生活,7093.83,20,0.0,141876.6
55,2024-07-22 15:41:00,OZ939,兰金电子网络有限公司生物科技,2,林 刘,6,美的 智能音箱 Advanced,智能音箱,美的智能科技,866.26,17,0.1,13253.78
55,2024-07-22 15:41:00,OZ939,兰金电子网络有限公司生物科技,2,林 刘,2,三星 智能门锁 Advanced,智能门锁,三星智能家电,6083.69,13,0.1,71179.17
55,2024-07-22 15:41:00,OZ939,兰金电子网络有限公司生物科技,2,林 刘,3,博世 智能音箱 Advanced,智能音箱,博世智能系统,7266.41,12,0.0,87196.92
31,2024-07-26 19:05:55,NU707,鸿睿思博信息有限公司区块链技术,1,英 赵,5,格力 智能马桶 Advanced,智能马桶,格力智能电器,4898.24,7,0.0,34287.68
31,2024-07-26 19:05:55,NU707,鸿睿思博信息有限公司区块链技术,1,英 赵,3,博世 智能音箱 Advanced,智能音箱,博世智能系统,7044.41,1,0.1,6339.97
31,2024-07-26 19:05:55,NU707,鸿睿思博信息有限公司区块链技术,1,英 赵,10,松下 智能空调 Basic,智能空调,松下智能电器,5819.39,9,0.1,47137.06
31,2024-07-26 19:05:55,NU707,鸿睿思博信息有限公司区块链技术,1,英 赵,4,博世 智能洗衣机 Basic,智能洗衣机,博世智能系统,7388.47,15,0.15,94202.99
71,2024-08-21 23:58:49,NU707,鸿睿思博信息有限公司区块链技术,2,林 刘,4,博世 智能洗衣机 Basic,智能洗衣机,博世智能系统,7981.28,5,0.0,39906.4
71,2024-08-21 23:58:49,NU707,鸿睿思博信息有限公司区块链技术,2,林 刘,10,松下 智能空调 Basic,智能空调,松下智能电器,5800.3,16,0.2,74243.84
71,2024-08-21 23:58:49,NU707,鸿睿思博信息有限公司区块链技术,2,林 刘,6,美的 智能音箱 Advanced,智能音箱,美的智能科技,885.25,17,0.2,12039.4
71,2024-08-21 23:58:49,NU707,鸿睿思博信息有限公司区块链技术,2,林 刘,2,三星 智能门锁 Advanced,智能门锁,三星智能家电,6008.91,13,0.15,66398.46
71,2024-08-21 23:58:49,NU707,鸿睿思博信息有限公司区块链技术,2,林 刘,9,小米 智能手环 Mini,智能手环,小米智能家居,3499.86,12,0.05,39898.4
70,2024-08-30 00:46:06,TB272,易动力信息有限公司网络安全,1,英 赵,4,博世 智能洗衣机 Basic,智能洗衣机,博世智能系统,8153.18,4,0.15,27720.81
70,2024-08-30 00:46:06,TB272,易动力信息有限公司网络安全,1,英 赵,6,美的 智能音箱 Advanced,智能音箱,美的智能科技,867.54,20,0.1,15615.72
70,2024-08-30 00:46:06,TB272,易动力信息有限公司网络安全,1,英 赵,9,小米 智能手环 Mini,智能手环,小米智能家居,3367.56,18,0.2,48492.86
70,2024-08-30 00:46:06,TB272,易动力信息有限公司网络安全,1,英 赵,1,华为 智能空气净化器 Basic,智能空气净化器,华为智能生活,6665.82,7,0.05,44327.7
70,2024-08-30 00:46:06,TB272,易动力信息有限公司网络安全,1,英 赵,7,苹果 智能门锁 Elite,智能门锁,苹果智能家庭,6441.02,13,0.1,75359.93
76,2024-09-01 22:46:29,KS931,济南亿次元信息有限公司虚拟现实,3,玉兰 沈,6,美的 智能音箱 Advanced,智能音箱,美的智能科技,827.94,8,0.0,6623.52
76,2024-09-01 22:46:29,KS931,济南亿次元信息有限公司虚拟现实,3,玉兰 沈,2,三星 智能门锁 Advanced,智能门锁,三星智能家电,6037.93,8,0.1,43473.1
76,2024-09-01 22:46:29,KS931,济南亿次元信息有限公司虚拟现实,3,玉兰 沈,5,格力 智能马桶 Advanced,智能马桶,格力智能电器,5156.5,6,0.05,29392.05
29,2024-09-09 07:48:02,PK763,迪摩网络有限公司虚拟现实,1,英 赵,7,苹果 智能门锁 Elite,智能门锁,苹果智能家庭,6851.29,11,0.2,60291.35
29,2024-09-09 07:48:02,PK763,迪摩网络有限公司虚拟现实,1,英 赵,4,博世 智能洗衣机 Basic,智能洗衣机,博世智能系统,8009.24,12,0.0,96110.88
29,2024-09-09 07:48:02,PK763,迪摩网络有限公司虚拟现实,1,英 赵,2,三星 智能门锁 Advanced,智能门锁,三星智能家电,6173.43,10,0.2,49387.44
29,2024-09-09 07:48:02,PK763,迪摩网络有限公司虚拟现实,1,英 赵,5,格力 智能马桶 Advanced,智能马桶,格力智能电器,5161.96,4,0.05,19615.45
29,2024-09-09 07:48:02,PK763,迪摩网络有限公司虚拟现实,1,英 赵,3,博世 智能音箱 Advanced,智能音箱,博世智能系统,7348.98,8,0.0,58791.84
53,2024-09-11 03:03:49,AQ661,双敏电子科技有限公司区块链技术,3,玉兰 沈,1,华为 智能空气净化器 Basic,智能空气净化器,华为智能生活,6890.27,3,0.2,16536.65
86,2024-09-29 18:19:21,QF269,襄樊地球村传媒有限公司信息技术,2,林 刘,3,博世 智能音箱 Advanced,智能音箱,博世智能系统,7463.3,15,0.2,89559.6
86,2024-09-29 18:19:21,QF269,襄樊地球村传媒有限公司信息技术,2,林 刘,9,小米 智能手环 Mini,智能手环,小米智能家居,3463.69,3,0.2,8312.86
86,2024-09-29 18:19:21,QF269,襄樊地球村传媒有限公司信息技术,2,林 刘,4,博世 智能洗衣机 Basic,智能洗衣机,博世智能系统,7419.79,2,0.2,11871.66
86,2024-09-29 18:19:21,QF269,襄樊地球村传媒有限公司信息技术,2,林 刘,10,松下 智能空调 Basic,智能空调,松下智能电器,5751.48,3,0.15,14666.27
86,2024-09-29 18:19:21,QF269,襄樊地球村传媒有限公司信息技术,2,林 刘,5,格力 智能马桶 Advanced,智能马桶,格力智能电器,4829.22,19,0.0,91755.18
79,2024-10-10 20:02:02,QF269,襄樊地球村传媒有限公司信息技术,3,玉兰 沈,10,松下 智能空调 Basic,智能空调,松下智能电器,5793.76,19,0.0,110081.44
79,2024-10-10 20:02:02,QF269,襄樊地球村传媒有限公司信息技术,3,玉兰 沈,4,博世 智能洗衣机 Basic,智能洗衣机,博世智能系统,7699.29,20,0.2,123188.64
79,2024-10-10 20:02:02,QF269,襄樊地球村传媒有限公司信息技术,3,玉兰 沈,5,格力 智能马桶 Advanced,智能马桶,格力智能电器,4834.58,8,0.05,36742.81
78,2024-10-18 22:54:49,PK763,迪摩网络有限公司虚拟现实,1,英 赵,5,格力 智能马桶 Advanced,智能马桶,格力智能电器,5277.6,1,0.1,4749.84
78,2024-10-18 22:54:49,PK763,迪摩网络有限公司虚拟现实,1,英 赵,1,华为 智能空气净化器 Basic,智能空气净化器,华为智能生活,7199.86,19,0.2,109437.87
78,2024-10-18 22:54:49,PK763,迪摩网络有限公司虚拟现实,1,英 赵,6,美的 智能音箱 Advanced,智能音箱,美的智能科技,842.1,9,0.0,7578.9
78,2024-10-18 22:54:49,PK763,迪摩网络有限公司虚拟现实,1,英 赵,3,博世 智能音箱 Advanced,智能音箱,博世智能系统,6814.16,14,0.0,95398.24
78,2024-10-18 22:54:49,PK763,迪摩网络有限公司虚拟现实,1,英 赵,10,松下 智能空调 Basic,智能空调,松下智能电器,5853.82,14,0.15,69660.46
30,2024-10-28 07:41:23,QF269,襄樊地球村传媒有限公司信息技术,2,林 刘,7,苹果 智能门锁 Elite,智能门锁,苹果智能家庭,6493.97,3,0.2,15585.53
7,2024-10-30 04:43:03,NU707,鸿睿思博信息有限公司区块链技术,1,英 赵,5,格力 智能马桶 Advanced,智能马桶,格力智能电器,5291.24,5,0.0,26456.2
7,2024-10-30 04:43:03,NU707,鸿睿思博信息有限公司区块链技术,1,英 赵,1,华为 智能空气净化器 Basic,智能空气净化器,华为智能生活,7037.87,11,0.2,61933.26
7,2024-10-30 04:43:03,NU707,鸿睿思博信息有限公司区块链技术,1,英 赵,6,美的 智能音箱 Advanced,智能音箱,美的智能科技,864.91,10,0.15,7351.73
7,2024-10-30 04:43:03,NU707,鸿睿思博信息有限公司区块链技术,1,英 赵,4,博世 智能洗衣机 Basic,智能洗衣机,博世智能系统,8014.83,1,0.05,7614.09
7,2024-10-30 04:43:03,NU707,鸿睿思博信息有限公司区块链技术,1,英 赵,7,苹果 智能门锁 Elite,智能门锁,苹果智能家庭,6461.22,8,0.0,51689.76
40,2024-10-30 15:21:45,YX989,华远软件信息有限公司物联网,3,玉兰 沈,2,三星 智能门锁 Advanced,智能门锁,三星智能家电,6023.23,8,0.1,43367.26
40,2024-10-30 15:21:45,YX989,华远软件信息有限公司物联网,3,玉兰 沈,10,松下 智能空调 Basic,智能空调,松下智能电器,5991.01,18,0.0,107838.18
42,2024-11-13 10:08:17,HR018,联通时科信息有限公司云计算,2,林 刘,1,华为 智能空气净化器 Basic,智能空气净化器,华为智能生活,6674.02,6,0.2,32035.3
42,2024-11-13 10:08:17,HR018,联通时科信息有限公司云计算,2,林 刘,9,小米 智能手环 Mini,智能手环,小米智能家居,3427.8,17,0.2,46618.08
42,2024-11-13 10:08:17,HR018,联通时科信息有限公司云计算,2,林 刘,2,三星 智能门锁 Advanced,智能门锁,三星智能家电,6398.31,16,0.1,92135.66
42,2024-11-13 10:08:17,HR018,联通时科信息有限公司云计算,2,林 刘,10,松下 智能空调 Basic,智能空调,松下智能电器,6227.61,11,0.0,68503.71
42,2024-11-13 10:08:17,HR018,联通时科信息有限公司云计算,2,林 刘,7,苹果 智能门锁 Elite,智能门锁,苹果智能家庭,6477.33,5,0.2,25909.32
24,2024-11-15 17:02:15,OF968,七喜网络有限公司金融科技,3,玉兰 沈,3,博世 智能音箱 Advanced,智能音箱,博世智能系统,6867.24,15,0.15,87557.31
24,2024-11-15 17:02:15,OF968,七喜网络有限公司金融科技,3,玉兰 沈,9,小米 智能手环 Mini,智能手环,小米智能家居,3349.79,15,0.0,50246.85
24,2024-11-15 17:02:15,OF968,七喜网络有限公司金融科技,3,玉兰 沈,10,松下 智能空调 Basic,智能空调,松下智能电器,6223.04,7,0.1,39205.15
81,2024-11-18 12:21:35,QF269,襄樊地球村传媒有限公司信息技术,1,英 赵,9,小米 智能手环 Mini,智能手环,小米智能家居,3440.64,11,0.1,34062.34
81,2024-11-18 12:21:35,QF269,襄樊地球村传媒有限公司信息技术,1,英 赵,10,松下 智能空调 Basic,智能空调,松下智能电器,5928.8,7,0.2,33201.28
81,2024-11-18 12:21:35,QF269,襄樊地球村传媒有限公司信息技术,1,英 赵,2,三星 智能门锁 Advanced,智能门锁,三星智能家电,6406.59,15,0.2,76879.08
75,2024-11-23 18:18:02,NU707,鸿睿思博信息有限公司区块链技术,2,林 刘,1,华为 智能空气净化器 Basic,智能空气净化器,华为智能生活,6966.65,18,0.1,112859.73
13,2024-12-03 05:12:46,TT217,巨奥传媒有限公司区块链技术,2,林 刘,6,美的 智能音箱 Advanced,智能音箱,美的智能科技,822.45,17,0.0,13981.65
13,2024-12-03 05:12:46,TT217,巨奥传媒有限公司区块链技术,2,林 刘,1,华为 智能空气净化器 Basic,智能空气净化器,华为智能生活,7036.01,18,0.2,101318.54
13,2024-12-03 05:12:46,TT217,巨奥传媒有限公司区块链技术,2,林 刘,7,苹果 智能门锁 Elite,智能门锁,苹果智能家庭,6327.2,1,0.0,6327.2
13,2024-12-03 05:12:46,TT217,巨奥传媒有限公司区块链技术,2,林 刘,3,博世 智能音箱 Advanced,智能音箱,博世智能系统,6822.83,11,0.0,75051.13
13,2024-12-03 05:12:46,TT217,巨奥传媒有限公司区块链技术,2,林 刘,10,松下 智能空调 Basic,智能空调,松下智能电器,5676.18,18,0.15,86845.55
25,2024-12-05 17:53:13,AD754,开发区世创信息有限公司数字科技,1,英 赵,1,华为 智能空气净化器 Basic,智能空气净化器,华为智能生活,6660.28,17,0.0,113224.76
25,2024-12-05 17:53:13,AD754,开发区世创信息有限公司数字科技,1,英 赵,9,小米 智能手环 Mini,智能手环,小米智能家居,3383.71,1,0.05,3214.52
54,2024-12-13 08:23:31,LB133,国讯信息有限公司人工智能,2,林 刘,5,格力 智能马桶 Advanced,智能马桶,格力智能电器,5029.45,1,0.05,4777.98
60,2024-12-15 15:34:52,QF269,襄樊地球村传媒有限公司信息技术,3,玉兰 沈,4,博世 智能洗衣机 Basic,智能洗衣机,博世智能系统,7803.22,13,0.0,101441.86
58,2024-12-15 18:08:02,AD754,开发区世创信息有限公司数字科技,2,林 刘,4,博世 智能洗衣机 Basic,智能洗衣机,博世智能系统,7675.55,10,0.15,65242.17
58,2024-12-15 18:08:02,AD754,开发区世创信息有限公司数字科技,2,林 刘,7,苹果 智能门锁 Elite,智能门锁,苹果智能家庭,6434.04,13,0.0,83642.52
58,2024-12-15 18:08:02,AD754,开发区世创信息有限公司数字科技,2,林 刘,2,三星 智能门锁 Advanced,智能门锁,三星智能家电,6160.39,11,0.05,64376.08
58,2024-12-15 18:08:02,AD754,开发区世创信息有限公司数字科技,2,林 刘,10,松下 智能空调 Basic,智能空调,松下智能电器,6116.45,17,0.05,98780.67
39,2024-12-31 03:48:46,OZ939,兰金电子网络有限公司生物科技,3,玉兰 沈,7,苹果 智能门锁 Elite,智能门锁,苹果智能家庭,6485.52,1,0.2,5188.42
92,2025-01-13 01:46:25,ON539,精芯网络有限公司移动应用开发,1,英 赵,1,华为 智能空气净化器 Basic,智能空气净化器,华为智能生活,7115.12,20,0.0,142302.4
87,2025-01-19 14:09:00,TB272,易动力信息有限公司网络安全,2,林 刘,2,三星 智能门锁 Advanced,智能门锁,三星智能家电,6345.31,11,0.0,69798.41
87,2025-01-19 14:09:00,TB272,易动力信息有限公司网络安全,2,林 刘,3,博世 智能音箱 Advanced,智能音箱,博世智能系统,7192.28,1,0.0,7192.28
87,2025-01-19 14:09:00,TB272,易动力信息有限公司网络安全,2,林 刘,1,华为 智能空气净化器 Basic,智能空气净化器,华为智能生活,6637.9,12,0.2,63723.84
87,2025-01-19 14:09:00,TB272,易动力信息有限公司网络安全,2,林 刘,6,美的 智能音箱 Advanced,智能音箱,美的智能科技,871.89,10,0.0,8718.9
72,2025-01-23 10:38:45,AD754,开发区世创信息有限公司数字科技,3,玉兰 沈,4,博世 智能洗衣机 Basic,智能洗衣机,博世智能系统,8008.87,8,0.05,60867.41
72,2025-01-23 10:38:45,AD754,开发区世创信息有限公司数字科技,3,玉兰 沈,1,华为 智能空气净化器 Basic,智能空气净化器,华为智能生活,6973.3,1,0.1,6275.97
72,2025-01-23 10:38:45,AD754,开发区世创信息有限公司数字科技,3,玉兰 沈,9,小米 智能手环 Mini,智能手环,小米智能家居,3376.31,12,0.15,34438.36
72,2025-01-23 10:38:45,AD754,开发区世创信息有限公司数字科技,3,玉兰 沈,3,博世 智能音箱 Advanced,智能音箱,博世智能系统,6769.4,5,0.1,30462.3
72,2025-01-23 10:38:45,AD754,开发区世创信息有限公司数字科技,3,玉兰 沈,10,松下 智能空调 Basic,智能空调,松下智能电器,5747.88,12,0.2,55179.65
11,2025-03-07 22:56:03,TT217,巨奥传媒有限公司区块链技术,2,林 刘,6,美的 智能音箱 Advanced,智能音箱,美的智能科技,880.84,7,0.1,5549.29
11,2025-03-07 22:56:03,TT217,巨奥传媒有限公司区块链技术,2,林 刘,10,松下 智能空调 Basic,智能空调,松下智能电器,5907.58,10,0.0,59075.8
11,2025-03-07 22:56:03,TT217,巨奥传媒有限公司区块链技术,2,林 刘,7,苹果 智能门锁 Elite,智能门锁,苹果智能家庭,6514.59,14,0.1,82083.83
11,2025-03-07 22:56:03,TT217,巨奥传媒有限公司区块链技术,2,林 刘,5,格力 智能马桶 Advanced,智能马桶,格力智能电器,5089.19,13,0.0,66159.47
11,2025-03-07 22:56:03,TT217,巨奥传媒有限公司区块链技术,2,林 刘,9,小米 智能手环 Mini,智能手环,小米智能家居,3575.44,9,0.0,32178.96
49,2025-03-12 21:34:19,AQ661,双敏电子科技有限公司区块链技术,3,玉兰 沈,7,苹果 智能门锁 Elite,智能门锁,苹果智能家庭,6636.69,19,0.0,126097.11
49,2025-03-12 21:34:19,AQ661,双敏电子科技有限公司区块链技术,3,玉兰 沈,9,小米 智能手环 Mini,智能手环,小米智能家居,3425.99,7,0.05,22782.83
9,2025-03-16 05:22:43,IS953,兰金电子传媒有限公司金融科技,3,玉兰 沈,4,博世 智能洗衣机 Basic,智能洗衣机,博世智能系统,7868.4,3,0.1,21244.68
9,2025-03-16 05:22:43,IS953,兰金电子传媒有限公司金融科技,3,玉兰 沈,7,苹果 智能门锁 Elite,智能门锁,苹果智能家庭,6334.94,4,0.2,20271.81
9,2025-03-16 05:22:43,IS953,兰金电子传媒有限公司金融科技,3,玉兰 沈,3,博世 智能音箱 Advanced,智能音箱,博世智能系统,7027.38,6,0.05,40056.07
9,2025-03-16 05:22:43,IS953,兰金电子传媒有限公司金融科技,3,玉兰 沈,9,小米 智能手环 Mini,智能手环,小米智能家居,3444.33,5,0.2,13777.32
19,2025-03-16 12:02:15,TT217,巨奥传媒有限公司区块链技术,3,玉兰 沈,6,美的 智能音箱 Advanced,智能音箱,美的智能科技,823.21,10,0.1,7408.89
19,2025-03-16 12:02:15,TT217,巨奥传媒有限公司区块链技术,3,玉兰 沈,1,华为 智能空气净化器 Basic,智能空气净化器,华为智能生活,7269.48,5,0.0,36347.4
19,2025-03-16 12:02:15,TT217,巨奥传媒有限公司区块链技术,3,玉兰 沈,7,苹果 智能门锁 Elite,智能门锁,苹果智能家庭,6591.99,8,0.0,52735.92
19,2025-03-16 12:02:15,TT217,巨奥传媒有限公司区块链技术,3,玉兰 沈,5,格力 智能马桶 Advanced,智能马桶,格力智能电器,4987.71,18,0.1,80800.9
